Date,Gilt1yspot,Gilt1y,Gilt2y,Gilt3y,Gilt4y,Gilt5y,Gilt5y5y
19980114,0.10452313100000055,0.17386434899999959,0.15355219400000042,0.10434759899999957,0.057163645999999346,0.018221006000000095,-0.026041657000000384
19980211,0.0024297460000006765,0.03312919800000014,0.030678825000000742,-0.014357213000000257,-0.0573081610000008,-0.09104577999999997,-0.12438558000000022
19980311,0.015732897000000357,0.04441171600000082,0.0016115169999997292,-0.012771191999999765,-0.01583565900000039,-0.01319262099999996,-0.007168555999998993
19980415,-0.0025714900000002316,0.011670640000000176,0.01744577699999894,0.010752815000000027,0.0038465530000015846,0.0007643729999999849,0.006593892999999795
19980513,0.021535530000000414,0.01653387700000053,0.024665601000000592,0.020640042000000136,0.012463372999999223,0.005374951000000294,-0.0010944510000001628
19980610,-0.017118464000000166,-0.027348535000000673,-0.047039015000000184,-0.06101586100000045,-0.07558589599999976,-0.09010681900000073,-0.1116655910000004
19980715,0.09688399400000058,0.0947847460000002,0.09072615499999959,0.08853945999999979,0.07781539199999887,0.0641092280000004,0.030317579000000983
19980812,-0.04288783400000096,-0.06121438199999929,-0.06217334799999996,-0.05546339800000055,-0.035714932999999505,-0.0108317109999998,0.02764283600000006
19980916,0.03744910199999918,0.05408673300000011,0.005010748999999315,-0.014555289000000471,-0.02488330300000019,-0.03201188599999938,-0.0435033709999999
19981014,0.0017610289999989703,-0.012414412000000041,-0.03823843999999976,-0.04886444000000001,-0.06589614399999988,-0.08706132300000036,-0.12692878899999993
19981021,-0.027190257000000884,-0.018551597000000086,-0.01132856599999954,-0.009972229999999804,-0.00029274099999998526,0.012515741999999719,0.02960531900000074
19981118,-0.0761983500000003,-0.08710272700000043,-0.09018091499999947,-0.0953995110000001,-0.10436643999999973,-0.11356516899999924,-0.10084263499999935
19981223,-0.10233507500000005,-0.09657764199999974,-0.08276954399999958,-0.08019361899999922,-0.0799512189999998,-0.08005736399999996,-0.07137193000000064
19990120,-0.007610656999999854,-0.014603662000000739,-0.023854210000000542,-0.03335344100000004,-0.0381942659999992,-0.03937197299999973,-0.031491522000000494
19990217,0.013786660000000062,0.0205063489999997,0.04693488199999951,0.056869852000000165,0.0386885699999997,0.009847675999999694,-0.04896064999999972
19990317,-0.02720582600000032,-0.05495395799999958,-0.08272107099999992,-0.08462122300000008,-0.07637196899999932,-0.06486643299999972,-0.04584052199999977
19990421,0.008255508999999606,0.029916239999999483,0.014696695999999676,0.010924722999999581,0.013917450000000109,0.017571728000000064,0.006218947999999891
19990519,-0.010992964000000605,-0.03297122899999927,-0.0033840509999993884,0.014837728000000716,0.02803855600000027,0.03706916199999988,0.03442510200000015
19990623,-0.008640315000000065,-0.005629630999999691,0.04213312999999985,0.051138552999999476,0.045166495999999334,0.038345757999999286,0.034745065000000075
19990721,0.03918513800000056,0.061109538000000185,0.020959706000001077,-0.03291734000000002,-0.07717574100000046,-0.10584899699999983,-0.08056608399999998
19990818,-0.05231979300000056,-0.07640257499999947,-0.08236314300000114,-0.11141910100000096,-0.12908255700000026,-0.12856749700000059,-0.0748883100000004
19990922,0.0045115039999998885,-0.0031647680000013168,0.020189877000000855,0.04833103400000116,0.06538781500000024,0.0731733349999999,0.06996130399999956
19991020,0.039522939000001145,0.074032332999999,0.06908058899999947,0.06053814199999952,0.04731839999999998,0.0318180150000007,0.007657333000000044
19991117,0.07621018699999915,0.12101208700000043,0.11391900400000043,0.09380985499999994,0.0786662679999992,0.07054092799999978,0.061773323999999796
19991222,0.02029212999999963,0.07931854099999924,0.09270299500000068,0.09378396900000041,0.09403527899999986,0.09415461800000013,0.09157371999999953
20000223,0.02397806600000063,0.0293855340000011,0.01546500999999978,0.008417854000000169,0.008695446000000828,0.013372949999999939,0.030568446000000193
20000322,-0.0022833009999994047,0.022320841999999175,0.03482126300000132,0.05411179499999985,0.08029139900000004,0.10563250699999926,0.13248081299999992
20000419,0.019041274000000108,0.017045674000000233,0.015137972000000666,0.014340887000000357,0.012507237999999532,0.00975385899999992,-0.00032528100000028815
20000621,0.05307764500000012,0.07631790599999899,0.07061013399999982,0.08426779700000075,0.10412203300000034,0.12144714099999909,0.1251928659999999
20000719,0.010379925999999706,0.018193376999999344,-0.005129653000000012,-0.025440316000000962,-0.040778409000000515,-0.05242749599999996,-0.0648264360000006
20000816,0.030683245000000525,0.03873180700000045,0.011165471999999177,-0.004482169999999286,-0.015167460000000688,-0.021326200999999934,-0.01114472799999966
20000920,0.003868428999999729,0.009094921999999173,0.013210416000000613,0.011310280000000006,0.008039478999999794,0.004815730999998991,0.0010705040000003052
20001018,-0.04173080500000026,-0.04316952300000043,-0.02155251399999969,-0.011715946999999893,-0.01011125700000104,-0.010041792000000882,-0.001516521000000104
20001122,-0.026211969000000224,-0.06693527100000018,-0.11013722099999956,-0.11564909000000068,-0.1126323539999996,-0.10905855800000008,-0.10182472199999992
20001220,-0.055868751000000216,-0.1881583149999999,-0.11971993800000025,-0.05581746500000051,-0.007684381000000684,0.0282188510000001,0.059972263999999775
20010221,-0.01312865700000021,-0.02115504900000076,-0.00892448600000062,0.01286741499999966,0.0280240169999999,0.03677159999999979,0.037190808000000075
20010321,-0.009655783999999556,-0.020965355999999602,-0.025970205000000135,-0.016926513000000476,-0.0015676419999994806,0.014105788000000175,0.03361471899999913
20010418,0.006595941999999688,0.011086498000000056,0.04360089700000014,0.0583788760000008,0.07333674499999976,0.08946729300000023,0.10892317500000015
20010523,-0.025770533000000206,-0.030288189000000187,0.01892068199999919,0.0561191179999998,0.07513508999999985,0.08347294999999999,0.08281365300000054
20010620,0.023711118000000475,0.04661152699999871,0.037839381000000394,0.026899231999999884,0.019105831000000073,0.013309298000000247,0.0026385390000003284
20010718,-0.010392666000000439,0.004982040999999882,-0.0061548369999995245,-0.023972698999999764,-0.03766027100000002,-0.04591263000000012,-0.04398391300000082
20010815,0.11727313200000022,0.1771929140000008,0.12872949599999917,0.07386662800000021,0.029730772000000627,-0.0026132180000004723,-0.03076692600000097
20010919,0.0023049070000009664,0.010459367000000164,0.01255649800000036,0.019333073999999506,0.02561733499999974,0.031708588999999066,0.04271583400000001
20011017,-0.03683142400000072,-0.03730309999999992,-0.012504124000000338,0.004740153000000191,0.01906046000000039,0.03133756500000029,0.04786482999999997
20011121,0.06399442400000055,0.11889991600000016,0.09910961000000018,0.07756631699999961,0.06266953300000022,0.05163963299999974,0.04101770399999971
20011219,-0.030504121999999967,-0.05302782800000028,-0.04096413899999973,-0.03109636500000068,-0.02821030800000024,-0.030052657999999788,-0.04819382299999919
20020123,-0.03823337399999982,-0.06676601499999979,-0.06734958100000021,-0.05151546000000007,-0.03319311499999955,-0.014809989999999829,0.02170108500000012
20020220,-0.011213203999999699,-0.0264983489999997,-0.011307513000000213,0.0021945489999994905,0.016166188999999775,0.029067716000000132,0.045526423000000094
20020320,0.012827087999999875,0.031205024000000137,0.02801489199999896,0.029575911000000232,0.03239287600000029,0.034875019999999424,0.03851512299999982
20020417,0.00871167899999925,-0.011173589000000206,-0.004595899999999986,0.00156210599999973,0.003218439000001183,0.0028278519999993534,4.8908000000125185e-05
20020522,-0.04346329600000054,-0.05759047000000006,-0.022647742999999387,-0.004521515999999615,0.0031452419999995485,0.006255856000000115,0.010599240999999537
20020619,-0.0267588700000001,-0.015625716000000622,-0.011977573000000241,-0.01929771200000019,-0.025525090999999556,-0.029968445999999815,-0.03485742400000014
20020717,0.025923611999999707,0.09330123400000012,0.07916237900000045,0.06589108100000018,0.05800739600000071,0.05459220100000017,0.06205979900000003
20020814,-0.027117526999999697,-0.06175577400000032,-0.0773972039999995,-0.0754533920000009,-0.07199178999999933,-0.06979998200000015,-0.06757707800000023
20020918,-0.05634062099999948,-0.09468237199999985,-0.07622045200000027,-0.04926814600000018,-0.036688881000000784,-0.034930218999999596,-0.04785775800000014
20021023,-0.08143386999999969,-0.10781008299999995,-0.09420218200000008,-0.0750786200000002,-0.06226272299999991,-0.054175560999999206,-0.0462734979999988
20021120,-0.020527554000000503,-0.029756024000000103,-0.019732309000000114,-0.018038722000000007,-0.016093034000000728,-0.013097623999999364,-0.004848550999999368
20021218,-0.028109625999999555,-0.04918987900000005,-0.061344329999999836,-0.061204359999999625,-0.06120642399999987,-0.0612963259999999,-0.05740046599999982
20030122,-0.0008693329999998056,-0.010101106000000026,-0.021658714999999606,-0.013397186000000616,-0.003589257999999873,0.0050905050000000784,0.015898761999999955
20030219,-0.001296813999999813,-0.027933318999999734,-0.046852487000000664,-0.05242629500000007,-0.05701050400000085,-0.06033727199999994,-0.05807873100000016
20030319,0.1035470170000008,0.212047938,0.2152968599999996,0.1638997489999996,0.11991559099999982,0.08837405800000031,0.057005274999999855
20030423,0.048739172000000774,0.03189723399999966,0.018362399999999557,0.0353685920000002,0.047385786999999624,0.052718339000000114,0.047756027000000145
20030521,-0.0752323339999994,-0.07783969300000004,-0.056131654000000086,-0.031450654999999994,-0.015093838000000304,-0.00586505900000045,-0.008216703000000436
20030618,0.021903008999999862,0.036938642999999605,0.07084945899999973,0.09817564599999962,0.11420703000000021,0.12152161399999972,0.10802540500000024
20030723,-0.021893654999999956,-0.01263483899999951,-0.018274510000000355,-0.030534620000000068,-0.03940891900000043,-0.045724646000000035,-0.04650405599999985
20030820,-0.0051629680000000455,0.014638890999998821,0.03563377099999965,0.03588695499999961,0.03402503799999934,0.03292337799999956,0.03397928899999947
20030917,0.08376632500000003,0.11068812899999969,0.06295656500000035,0.03075863199999951,0.010513015999999986,-0.0023983899999997504,-0.018205293999999483
20031022,0.10991994600000066,0.12399477000000036,0.09529550499999928,0.06879402800000012,0.05022602100000029,0.03633949199999975,0.01726240999999984
20031119,-0.001132476999999632,0.04880355600000019,0.07064408899999908,0.07004456700000006,0.07225714999999955,0.07679255400000073,0.08690641399999954
20031217,0.008828291999999571,0.007039342999999754,-0.00803289400000029,-0.021195529999999962,-0.030143084999999736,-0.03559975599999898,-0.035529038000000845
20040121,-0.001627897999999739,0.009466607000000238,0.03379019700000008,0.04188796100000047,0.048369242999999784,0.05406747199999984,0.051654628000000535
20040218,0.015099724999999786,0.030252331999999882,0.036905486999999404,0.04442351899999952,0.05005054799999975,0.05394371499999995,0.05869309900000097
20040317,0.032130800000000015,0.017402683999999446,-0.011179111999999769,-0.015785056000000353,-0.016639623999999742,-0.016579827000000158,-0.01247430699999974
20040421,-0.0027676269999998837,0.005183719000000586,0.011499074999999692,0.014522304999999847,0.012827442999999938,0.009155839000000832,0.004963047999999581
20040519,0.10932099299999987,0.09982064999999984,0.06721210200000005,0.05842608899999924,0.05362830099999982,0.05054842799999992,0.041854969000000075
20040623,-0.046228353000000055,-0.07499637599999964,-0.062221805000000074,-0.038404366000000856,-0.020006638999999993,-0.006305544999999135,0.007595882999999581
20040721,0.07530552600000018,0.09722424000000007,0.1019571749999999,0.09854403399999967,0.09564973200000004,0.09286260299999949,0.08135181799999991
20040818,-0.02221023799999955,-0.024095660000000407,-0.021953551000000182,-0.017719224000000366,-0.010743430000000664,-0.003470310999999171,0.0051003759999996845
20040922,-0.03638057300000064,-0.050184392000000244,-0.06082240900000002,-0.06143310199999963,-0.05897864599999991,-0.05548989999999954,-0.04662498300000095
20041020,-0.04176378899999911,-0.08875030599999967,-0.09473411300000034,-0.08267121099999919,-0.07371866700000052,-0.06675100499999953,-0.053865447999999816
20041117,0.014074936000000093,0.030510851000000727,0.042908210000000224,0.040444983000000434,0.03776339199999956,0.03610523499999996,0.030943837000000585
20041222,-0.031214986000001055,-0.05605325999999966,-0.05647858100000036,-0.0399239179999995,-0.02569713699999987,-0.015562372999999852,-0.008816949999999935
20050126,0.022977849000000994,0.03206363800000034,0.024627913999999862,0.01746285199999953,0.011899024999999952,0.007852516999999892,0.003270380000000017
20050223,0.040457212999999825,0.0550478640000005,0.04164085900000103,0.02813227499999993,0.01846987200000072,0.011978915999999451,0.007783051999999735
20050323,0.03643612900000015,0.054953560999999596,0.05875641599999959,0.059305300000000116,0.060564507999999684,0.06163121500000024,0.05797662999999975
20050420,0.02445271500000068,0.02845879399999962,0.023586951999999606,0.010771558999999264,-0.0009462249999998562,-0.009530567000000545,-0.016184914000000106
20050518,-0.0024842469999999395,-0.017961042999999677,-0.01693710799999959,-0.010076314000000863,-0.004653190000000862,-0.0010964620000004643,-3.741899999898379e-05
20050622,-0.10353625900000019,-0.1347712440000004,-0.1177505640000005,-0.10270789900000032,-0.09070671599999969,-0.0814266030000006,-0.06990315300000027
20050720,-0.01354944800000002,0.010556952999999591,0.025589262000000446,0.023040180000000632,0.022565464999999563,0.022868597000000435,0.024147053000000085
20050817,0.007039086999999888,0.00291767399999987,-0.011085806000000531,-0.0166516510000001,-0.018389709000000032,-0.017744404000000102,-0.015044897999999307
20050921,-0.033429509999999496,-0.06259016299999987,-0.06304827700000004,-0.062009506999999964,-0.06301387400000014,-0.06415630199999978,-0.06331214400000107
20051019,0.013005589999999678,-0.0001709100000004682,-0.01815736199999929,-0.027816062000000308,-0.03662917599999993,-0.043249446999999996,-0.045580575999998985
20051123,0.0007244750000001687,0.007170140999999575,0.005541960999999596,0.0043452300000002,0.00442223499999983,0.004828879000000619,0.006880015999999323
20051221,-0.01878057600000016,-0.0007917450000007875,0.02563444800000081,0.03644245800000068,0.04489288500000033,0.05092200600000041,0.05257683799999935
20060125,0.036148271000000065,0.057615074999999294,0.062446072000001074,0.06778190500000036,0.07393927599999994,0.08002854800000003,0.08475600999999999
20060222,0.035360909999999635,0.037774104000000364,0.010659187999999986,-0.006765872999999978,-0.0211849759999998,-0.03275905899999998,-0.04459920399999984
20060322,-0.007998714000000184,-0.008800759999999741,-0.008758805000000258,-0.019588987999999752,-0.032450305000000235,-0.044324078999999905,-0.05882396100000076
20060419,-0.0007155670000003056,0.007462154999999804,0.005234093999999523,0.00042240600000020834,-0.0031473090000009307,-0.006132199999999699,-0.013271160000000393
20060517,0.03321903299999995,0.071257707,0.08962073300000029,0.08857242799999998,0.08879672000000038,0.09025416600000025,0.09150666700000087
20060621,-0.013203938000000193,-0.008451886000000464,-0.004794408999999611,-0.0017161430000003364,0.0014149589999998824,0.003539832000000409,0.003843631999999708
20060719,0.005502429999999947,-0.01167924900000017,-0.03042350299999974,-0.029595374999999535,-0.029297464999999967,-0.030391625000000033,-0.0339341580000001
20060816,-0.026967263999999602,-0.05734090499999933,-0.06602025099999942,-0.056225612000000424,-0.04459717799999918,-0.03165525999999996,-0.004809002000000007
20060920,-0.002778893999999532,0.00041701199999977234,-0.010368210000000211,-0.01745712699999924,-0.02001319099999943,-0.021071190999999878,-0.02207864800000081
20061018,0.000795482000000014,0.0030125289999993754,0.01327358500000031,0.01597330099999983,0.017759245999998896,0.01952945199999956,0.020143398999999285
20061122,-0.007241238000000649,0.000734431999999785,0.009281169999999506,0.007512718999999279,0.005711208000000134,0.005001744999999502,0.005836374000000255
20061220,0.006845544000000814,0.00493086300000023,-0.006967873999999874,-0.014807086000000247,-0.02169152099999927,-0.02835620200000033,-0.03779473799999966
20070124,-0.05549748600000015,-0.046589462000000914,-0.00911317200000017,0.01391176999999999,0.028224381999999437,0.03626937700000088,0.037874570000000496
20070221,-0.01777898000000011,-0.02168430499999996,-0.016191193999999243,-0.018982286999999154,-0.022848580999999868,-0.026140881999999976,-0.029559224999999856
20070321,-0.006251366999999952,-0.013362520000000266,-0.0021921049999997777,0.002012734000000016,0.002564997999999541,0.0018346260000008385,-0.0004526889999993955
20070418,-0.02182103900000154,-0.038104092999999395,-0.04653467799999955,-0.05017560300000046,-0.05076724599999949,-0.04966290100000048,-0.045878480999999915
20070523,0.04132145899999973,0.06580156999999964,0.07023022700000059,0.0649226900000004,0.05949432099999985,0.05411008899999903,0.04356906599999988
20070620,0.040512336000000815,0.036582193000000096,0.04628381400000059,0.04227148700000072,0.03646624800000087,0.03129283700000052,0.024184136000000578
20070718,-0.015565551999999983,-0.032538803999998756,-0.06854750399999965,-0.07864623700000095,-0.08420450100000032,-0.08703091400000051,-0.08264329300000028
20070815,-0.05002800200000035,-0.07796717199999925,-0.06484666299999997,-0.05546669200000043,-0.0469832969999997,-0.039500056000000505,-0.030040607999999303
20070919,-0.02232927399999962,-0.01979668099999987,-0.0007208859999998651,0.025501945000001136,0.049202261999999664,0.06796216600000005,0.08166234000000028
20071017,-0.0384618080000001,-0.04799167700000062,-0.05043943999999989,-0.049520928999999825,-0.0462114739999997,-0.04244230800000004,-0.036485057000000154
20071121,-0.030955581999999815,-0.10699826799999901,-0.10207670099999966,-0.06729946300000034,-0.04818755600000024,-0.040208853999999405,-0.03801916799999994
20071219,-0.07414629700000042,-0.08334941800000006,-0.07845728599999902,-0.07382581400000099,-0.06793700299999994,-0.06316318799999898,-0.05541421700000004
20080123,-0.010745516000000066,-0.09608020699999953,-0.10824807999999964,-0.08996559599999987,-0.08001722799999911,-0.07572659599999998,-0.07160624700000096
20080220,0.008731077999999393,0.009433385999999544,0.008908546999999878,0.026665873000000673,0.04465306600000041,0.05764341699999953,0.06042295899999939
20080319,-0.02360222200000006,-0.060584819000000234,-0.07227738899999947,-0.058861734999999804,-0.05425981900000121,-0.055789265000000476,-0.04148457800000038
20080423,0.00193143799999973,-0.007974935000000016,-0.0054104249999999965,-0.01449277800000015,-0.023213336999999612,-0.03055457600000011,-0.04071336800000047
20080521,0.038196982000000546,0.07502373999999978,0.09332894300000039,0.0942126709999993,0.09451490699999976,0.0932558229999998,0.07727162500000073
20080618,-0.0015139519999998186,0.012597696000000269,0.018345904000000246,0.011682588000000216,0.004707323000000763,-0.0017324439999999441,-0.014843321999999937
20080723,0.05246027800000075,0.06841276999999923,0.06073355799999991,0.05461915700000031,0.050222297999999554,0.04588622399999931,0.030130068000000065
20080820,0.0032990440000002508,-0.005544740000000381,-0.0196721369999997,-0.02619592599999976,-0.03289019699999951,-0.037687828000000145,-0.03210999900000022
20080917,-0.009899542000000316,-0.0245164830000002,0.012362070000000003,0.023970465999999746,0.011952172999999178,-0.007539110999999821,-0.038807978000000354
20081022,-0.22456342100000004,-0.31334030099999977,-0.2418368649999998,-0.16861157000000038,-0.11850062099999992,-0.08403743600000002,-0.04887304199999942
20081119,0.019453825000000036,0.07739966599999981,0.04713141100000007,-0.01425217099999987,-0.06415262599999938,-0.09736752199999987,-0.09754405100000074
20081217,-0.16068509500000006,-0.20042262199999983,-0.18493263599999965,-0.1651546810000002,-0.16202472100000032,-0.16410429100000012,-0.15693669899999918
20090121,-0.11902351600000016,-0.11993885199999998,-0.08439393799999984,-0.06899494100000014,-0.0653950159999992,-0.06474727300000005,-0.04603659799999971
20090218,0.08712059299999997,0.15875927599999984,0.11484996699999961,0.019731458000000313,-0.05678294100000025,-0.11023400599999977,-0.11920929199999986
20090318,-0.01846622500000006,-0.013869066999999902,0.03563202199999971,0.06613571099999938,0.0775556979999994,0.07495550900000048,0.04585294899999992
20090422,-0.02199029500000005,-0.018675968000000154,0.06567590999999995,0.13310052400000005,0.18877299199999964,0.23007014400000037,0.2292026879999991
20090520,0.01943141699999995,0.04612733700000016,0.07739477999999966,0.09687241600000052,0.1112759969999999,0.11559560800000046,0.09785894200000023
20090617,-0.046599747999999996,-0.11654656299999977,-0.11412212199999949,-0.0939464000000001,-0.09331957499999977,-0.10430454800000044,-0.12866042799999988
20090722,0.004503471000000148,0.015010238999999759,0.041361305000000126,0.07836989000000028,0.1071071150000007,0.11638482000000039,0.07588086900000057
20090819,-0.05750144199999996,-0.12596559699999976,-0.1549803040000004,-0.1444589229999993,-0.11636147099999983,-0.08262871899999968,-0.02475376000000029
20090923,0.009008574000000102,0.0008272170000001022,-0.005333011999999915,-0.01118566899999962,-0.020377196000000097,-0.029249102000000526,-0.03338297300000015
20091021,0.10435424299999996,0.2025027549999998,0.2145889720000005,0.18682786399999962,0.16522126700000017,0.1495511890000003,0.12825682699999952
20091118,-0.02005206599999998,-0.0010891209999999152,-0.002432545999999647,0.006780201999999846,0.019568365000000032,0.028957526000000122,0.029148657000000355
20091223,0.03416235200000006,0.08410886100000026,0.1118972730000003,0.10131824300000014,0.08888853400000052,0.07882263800000011,0.06538828000000141
20100120,0.005574715999999924,0.012653481999999938,0.011681945999999499,-0.004035422000000288,-0.018422706000000844,-0.02898562699999996,-0.02154445700000096
20100217,0.0004720109999999389,-0.008326349999999927,-0.0075161400000003376,-0.010029535000000145,-0.011600632000000388,-0.011458582999999578,-0.0011845030000010581
20100317,0.013548722999999874,0.02127567099999994,0.012507342000000143,-0.00011389100000025465,-0.013847897999999859,-0.02717761899999971,-0.045308119000000424
20100421,0.028099590999999924,0.0557369969999999,0.041941398000000074,0.011496112999999308,-0.012086591000000091,-0.02624500900000104,-0.026582256999999387
20100519,-0.008583436999999972,-0.039434624999999945,-0.09829526400000033,-0.11964869399999944,-0.12217088199999981,-0.11612033000000022,-0.09443928599999918
20100623,0.00637866499999995,-0.011529067000000004,-0.027882827999999638,-0.019260348000000427,-0.016968171999999893,-0.02062921600000056,-0.02601532599999956
20100721,0.003573927999999893,0.006542559000000003,0.003956407000000217,-0.0004751380000000971,-0.0050987799999999694,-0.0093373519999993,-0.0050885529999993295
20100818,-0.017260340999999957,-0.019847712000000017,-0.024546296000000023,-0.03157315300000052,-0.03853506199999979,-0.044133682999999646,-0.04031467600000038
20100922,-0.03401015900000004,-0.07880867999999996,-0.14239714599999997,-0.16584369399999987,-0.17558255700000025,-0.1783418929999998,-0.1718125980000007
20101020,-0.01776562599999998,-0.051492238999999995,-0.08693942100000007,-0.07354760300000018,-0.046228873000000004,-0.0155587460000004,0.030742592999999374
20101117,-0.019211670000000014,-0.03261420000000004,-0.03302385700000032,-0.029286581999999672,-0.029581078000000538,-0.030081045999999834,-0.030390385000000464
20101222,0.007328185000000098,0.027707857999999863,0.03553439400000036,0.027544642000000064,0.014324570000000314,0.000332760000000043,-0.01899219599999924
20110126,0.04343210799999997,0.09101382799999991,0.10114214400000021,0.08514895899999964,0.06902016999999994,0.05453858999999994,0.03076721599999921
20110223,0.02543479000000004,0.039300057999999805,0.024372644999999693,0.006702945000000238,-0.008605083000000402,-0.020848856999999832,-0.030896009000000113
20110323,-0.012247061999999809,-0.005682570000000053,-0.021752814000000065,-0.03666418800000004,-0.05289961500000029,-0.0668099849999999,-0.07326669399999997
20110420,0.0004584990000000566,0.00588764399999997,0.02029633399999975,0.02589138400000035,0.025283565999999702,0.022161464999999936,0.013208453999999925
20110518,0.015176307000000056,0.03491283200000006,0.028596425000000147,0.01691191099999978,0.0049792180000003405,-0.0032811040000000347,-0.0010118699999992486
20110622,-0.033513864000000004,-0.06016902800000001,-0.06508445099999993,-0.06048697299999972,-0.04978038300000032,-0.03670187700000005,-0.010872712000000284
20110720,0.009466353999999955,0.015361256999999906,0.025352442000000197,0.02529868699999982,0.025837039999999867,0.027227534999999747,0.026866784000000088
20110817,-0.02918746399999994,-0.060618846000000004,-0.09898190500000004,-0.11078785499999988,-0.117050871,-0.12189961599999988,-0.13508365100000042
20110921,-0.00531674400000004,-0.0025490440000000003,0.01612161599999995,0.023950877000000093,0.0243247219999998,0.02133099999999999,0.022214970999999917
20111019,0.003906885999999998,0.014957362000000085,0.037925031,0.04044599599999987,0.03627928399999991,0.03449834800000007,0.042881857999999884
20111123,0.0024318810000000246,0.0008485320000000129,0.0028585629999999806,-0.0033373369999998292,-0.0149793760000001,-0.027690386000000178,-0.051204762999999875
20111221,-0.008519212000000054,-0.011057218000000008,-0.021344044000000006,-0.03403631200000001,-0.05065617999999983,-0.06763889100000009,-0.08132381000000022
20120125,-0.005711539000000099,-0.034532383,-0.04130887999999999,-0.03098666700000008,-0.021082180999999922,-0.015413231000000138,-0.0193061680000004
20120222,0.00525724700000002,-0.04771778099999996,-0.057564139999999986,-0.07346015000000006,-0.08777967900000005,-0.09611299700000053,-0.0920243700000003
20120321,0.004046920000000009,0.01825989699999997,-0.0021622920000000656,-0.028061266000000362,-0.049147801999999796,-0.06495591900000042,-0.0815455049999998
20120418,0.0018037699999999823,0.034957148999999965,0.08264951400000009,0.08454237599999992,0.06863598000000004,0.047326786000000176,0.010746182999999743
20120523,-0.02053079999999996,-0.033704474999999984,-0.07344468000000004,-0.10172361499999993,-0.12070249899999985,-0.13201582099999998,-0.12702759200000013
20120620,0.02505434399999995,0.072735696,0.09390004499999999,0.07074630699999995,0.05157024599999982,0.040916066999999945,0.0402115089999997
20120718,-0.035250212999999975,-0.051670772,-0.06732275300000001,-0.06391988300000007,-0.05000351599999986,-0.031612981000000095,-0.003737363000000382
20120815,0.012705825000000004,0.044084214,0.07063196999999999,0.07508455599999986,0.08288521300000018,0.09271709599999989,0.10429778200000017
20120919,0.0033989979999999864,0.002584881000000011,-0.02252851499999997,-0.039958954000000046,-0.04967825299999973,-0.05413474500000004,-0.04903617500000035
20121017,-0.00157300199999999,0.016010364,0.08670647999999997,0.12199247099999988,0.13380051599999998,0.1325788819999998,0.11498269600000022
20121121,0.006170516000000015,0.007081602999999992,0.004638224000000024,0.00376726000000005,0.00474540400000012,0.006229915999999891,0.004308902000000003
20121219,0.004798082000000037,0.0004930160000000128,0.006633496999999933,0.01830926899999996,0.026455475999999978,0.029474132000000264,0.01324521600000006
20130123,-0.022484110999999973,-0.050631921000000024,-0.046188546,-0.034679176999999894,-0.02568559299999995,-0.020685031000000187,-0.02074469199999962
20130220,-0.02304108200000002,-0.039194851,-0.05467012700000007,-0.029532905999999803,0.0076498990000000155,0.04266060000000005,0.06857829500000001
20130320,0.010312300000000024,0.01798792099999999,-0.0057531490000000685,0.008270396999999985,0.03385822900000002,0.05906063599999989,0.07441216000000006
20130417,-0.002471273000000024,-0.007849040000000002,-0.03455980200000003,-0.049722066000000065,-0.05972836700000017,-0.06655753599999992,-0.06548188800000032
20130522,-0.009143642999999979,-0.021189815,-0.03485402200000004,-0.04128696899999973,-0.04465100399999988,-0.046015236999999765,-0.04164721899999968
20130619,-0.006425783000000018,-0.008201691000000011,-0.003828245000000008,-0.001026537000000216,-0.0028792880000001464,-0.007999598000000052,-0.023252724000000224
20130717,0.001494878999999949,-0.020160504999999995,-0.02935666700000006,-0.01225429499999997,0.012005567999999744,0.03554016000000004,0.05854542400000051
20130814,0.005126156000000048,0.01739410800000002,0.05307746899999999,0.06544957899999981,0.06326770800000014,0.05443841700000007,0.03911331999999934
20130918,0.022291433000000027,0.04933341400000002,0.10214275799999983,0.11109723300000018,0.09906565200000017,0.07971810200000062,0.04697176999999986
20131023,-0.008128738999999996,-0.012783832999999967,-0.026670862999999878,-0.03655728199999997,-0.043671423000000154,-0.047359467000000155,-0.04364726100000027
20131120,-0.0036022459999999756,-0.01979832399999998,0.0004611180000000381,0.010803399999999908,0.013687645000000082,0.013854750000000138,0.013398894000000716
20131218,0.008269044999999975,0.039013956000000016,0.06975080100000008,0.07737685899999969,0.0664641800000001,0.049266005000000224,0.024966229999999534
20140122,0.025372506000000017,0.05820133100000002,0.09296072800000021,0.08948517600000017,0.06802208599999959,0.04344005500000003,0.009828548000000659
20140219,-0.0016795379999999804,-0.021112706999999953,-0.03356847200000024,-0.03391933199999997,-0.028123261999999816,-0.02087572999999976,-0.010174829999999968
20140319,-0.0036189269999999385,0.00478904400000002,0.013264888000000141,0.014569969000000071,0.015545783999999507,0.017021828999999933,0.022455608999999654
20140423,-0.04312959399999999,-0.056838550999999904,-0.048084080999999834,-0.047069913000000074,-0.045999766,-0.044356618000000125,-0.03924371000000004
20140521,0.02071528100000003,0.02657103999999999,0.03883199699999995,0.03672720000000007,0.03214437099999978,0.02893121600000015,0.02860277499999997
20140618,-0.036207559999999916,-0.03350904500000007,-0.05147613100000026,-0.054766643999999864,-0.051924709000000124,-0.047195145999999966,-0.03262583399999963
20140723,-0.02108117899999995,-0.013063513999999832,-0.023815139000000096,-0.03016679499999997,-0.03463920699999967,-0.03762953399999969,-0.03706838000000001
20140820,0.02544632899999999,0.04793361600000012,0.0426249019999998,0.03157228699999992,0.02442432700000019,0.01924093600000054,0.01071761399999982
20140917,0.0014544980000000263,0.025427458000000014,0.045696628000000405,0.02726108299999952,0.003781021999999634,-0.018219212999999623,-0.04069811599999973
20141022,-0.0015419870000000224,-0.002843478000000066,0.019154979000000072,0.03167662399999971,0.038978346000000386,0.04313761900000035,0.03850718800000008
